{
  "fast": 80.0,
  "fastest": 100.0,
  "safeLow": 30.0,
  "average": 50.0,
  "block_time": 16.76086956521739,
  "blockNum": 9166653,
  "speed": 0.8271857383292935,
  "safeLowWait": 15.9,
  "avgWait": 1.5,
  "fastWait": 0.6,
  "fastestWait": 0.6,
  "gasPriceRange": {
    "100": 0.6,
    "95": 0.6,
    "90": 0.6,
    "85": 0.6,
    "80": 0.6,
    "75": 1.0,
    "70": 1.0,
    "65": 1.2,
    "60": 1.2,
    "55": 1.5,
    "50": 1.5,
    "45": 12.4,
    "40": 12.4,
    "35": 13.2,
    "30": 15.9,
    "25": 26.3,
    "20": 28.0,
    "15": 279.4,
    "10": 279.4,
    "8": 279.4,
    "6": 279.4,
    "4": 279.4
  }
}